147, 250, india train
158, 250, indian train
186, 250, india train railway
163, 250, indian railway
171, 250, indian railway app
42, 250, indian railway schedule
33, 250, indian railways app offline
UR, 250, railway app free app
77, 250, railway timetable kolkata
129, 250, railway india apps
34, 250, railway offline
38, 250, railway timetable
61, 250, railway time table
UR, 250, railway app
212, 250, my train
UR, 250, my train app
185, 250, my train timetable
47, 250, mumbai local
30, 250, mumbai local train
25, 250, mumbai local train timetable
46, 250, mumbai local train route app
23, 250, mumbai local trains time table
28, 250, local train
36, 250, local train app
17, 250, local train kolkata
